z1,z2,z3,z4,z5,z6,z7,z8,f1,f2,f3,f4,f5
8.928601514360016,5.781534644263642,0.7768235615038255,8.239840622533821,6.1309601397554205,9.503657921056588,4.126964773368727,9.225836612757911,411.70058173718087,230.241664083415,-92.63408328053436,122.51956050828329,-0.48911527760761764
3.3197980530117723,7.8452821467173095,6.699554335835235,3.110017517497059,2.4244578589020915,3.8393150855650227,5.026544220555607,6.516357830088416,215.47315073912426,130.8069273266434,-12.887553880245662,139.75869746338734,-0.4006338934081924
8.212291230578318,8.21847182249691,0.6029360541553519,1.2899061382022203,0.9832310452107096,2.6742966937512325,7.598320447640754,5.785663373736256,236.33937647748513,217.16829139461086,-16.975905129157482,8.60385569109673,-0.6904987449223539
0.41696625725249903,6.46829335341223,1.1125397669992088,1.0082144770537582,7.620740006677906,2.338033692947228,3.318749006811438,4.073153893337763,135.41367833814155,-80.00906986338138,89.86652203033688,64.33834076512689,-0.3516117420271139
1.0765667993596795,1.7963963084022172,4.753429969403294,6.719723853329817,1.4067652009805254,3.347821366719441,6.714758013602694,2.6305004846944557,137.33022512472814,15.848489549195184,29.394668134686064,-24.515787260211148,0.019644318672348827
5.950520642062402,7.262730036048634,0.8095789618432081,1.4187542761533734,0.7672535128643931,2.9031520466734873,6.078901587935171,7.9428575526020335,199.88322565553148,185.14712208145974,-27.607442999821927,4.735278549032262,-0.9027203568931353
5.298173621928216,2.8471208776287202,0.31953009971600776,9.230363385635451,9.321179835201573,1.1580620021280752,2.7641960695285572,2.302517707170908,222.64631755900336,173.093909188062,157.6149311993484,-6.18343413077792,-0.5040349957817563
4.188074285566543,8.414765515419285,6.396173082269856,2.449106695106915,2.9506219530300304,1.9407626890134932,2.215341593761737,0.6947548890921662,153.12055106102218,150.28182166958547,33.42893112176506,-5.894160722157416,0.999728398739196
3.3540784927332923,5.701671460570211,8.951742725416747,7.480654189621992,8.225559646841331,8.693652378773514,8.78051510018341,5.658025875539358,432.2029103259783,135.1380840372453,-588.7724760257881,-21.95878879486091,0.8009939161776213
6.225194321960902,0.8526762186705172,4.832326065172566,6.11042958432035,2.230422876225593,6.379845263966391,3.688256641336843,1.843630127152125,162.84824688219717,190.65864091560903,42.99153748771584,-14.406472544208276,0.19821053981335246
4.381414261088741,9.109521963541704,8.376605185409028,3.448837351900128,6.592964329067136,2.5774445807948854,8.048548513798664,2.7283370366901174,306.5755302197697,159.23194197821783,-20.31591359068853,-35.20500996314047,0.8598692398792539
7.358821063486902,4.624559112041498,7.089873799772215,6.312304992714221,6.570012880290853,8.970499069241777,1.1341445378506487,8.945318159524172,370.5902228492306,211.31598935913905,-82.51135665201969,61.19974298571762,0.8247053756343721
5.180364119992688,9.429037012561581,9.33029929577859,0.1793273980166954,8.530013809515863,7.051137213384778,2.7038770407609247,7.118985026416583,383.3001251148583,174.30028542202584,135.6098468622671,-2.272509618021781,0.8625483872977542
5.788586002261571,0.40492282104544364,9.743558231604236,7.644574726250745,0.9333932741152884,3.647559401567589,0.5875599857641034,1.016609614339935,202.60277459144362,179.7051744701951,126.2120233216804,11.345080955808893,-0.3544496565314508
6.4535509589559386,1.0745496959969791,5.88156891126261,1.7197259371722384,5.325083467277247,9.819946478441398,7.401798408881079,9.034000362571152,341.5409321954954,197.00850406710583,-382.8286439912241,4.399328779290679,0.9891153072328978
9.902242713734164,7.5571958770701455,9.46075335755932,6.124065061515941,7.100535327269344,2.617843091791505,1.731175075283169,9.064986550297434,424.6172999417531,241.03374582942877,-177.5238200279407,10.228369802571779,-0.7428398905727568
8.198581969218413,0.4177758422838851,7.053451816386485,1.1760678987579098,2.7923817974778675,4.3303846055507,4.965608915429809,9.378061102165711,257.6805300607897,217.97246457340603,26.01002537180824,34.77817082579458,-0.9995730537073299
4.132009348161808,4.51563154844444,4.6467407145985025,5.703960893698035,5.635860793937113,5.109092877059853,4.575667681886447,5.32991501259983,198.8022843718055,153.21551298398802,-112.49264400467204,-19.19967130605349,0.4516023759318053
8.762676552066274,8.160858319603275,9.1502556122181,7.336559236477836,1.1776597367544783,9.124585339683204,4.980206284889569,3.756586650298177,404.4957260460334,228.65962490710942,11.707862183908077,-67.34816831128072,-0.9272250009731777
8.237594325705214,4.191977391510995,5.795950943959314,7.965823902199709,4.108220248782807,5.466667330976888,0.8091195037739252,8.407461955728246,300.5800487399533,221.16529760345034,4.654076941138214,44.38705921865973,0.9370746200255131
0.5447450782235463,1.8995912245533564,2.391995650077272,1.3625902489250752,6.206976165119224,7.48349179279323,2.684292252639615,9.338639000065722,200.42829519539453,-51.86062882165648,-9.465200559692278,65.06977253857939,-0.4526473553783382
7.186372365641943,8.434105854744221,3.8950096311793594,4.768416852218207,5.75777999973803,1.1855705198383515,8.211839249691883,8.074466257550956,327.87590584019364,208.3877045533676,21.104538740008124,-43.936887782993416,-0.9971936940987117
8.021705624244754,1.0724631864191714,4.221159008966485,4.110367341733438,1.6099983331066925,8.674636358857772,4.063589460011019,9.427029156370752,283.43429007683244,217.4209714892896,-94.0102710641032,64.5981109439266,-0.9689347734688847
7.364066438114389,2.880185884350409,1.6406050937539762,3.990885583278242,1.8541863572625483,9.714791215938986,9.03116006183161,0.8609444019521417,261.2619507882626,207.54021270644637,131.16629047746605,60.99937240519192,-0.6457610853999941
7.091317507811673,2.1696878840289835,0.24999796961841736,8.306649171612484,4.221574506545778,8.882177088082624,1.5607028091708441,0.15927639012267902,223.23317232114366,199.62472890430655,181.4866083697108,61.81568381978047,-0.98605501619132
5.409368543025281,4.642672233505861,0.5261135107345383,1.8771480853805877,0.4571260053843962,2.0772500007291317,8.397192453784406,6.779750889103195,175.6179488371804,174.32612852252436,6.678988147000467,100.10088743485585,0.13523914299093487
1.2482417438060978,3.1959038695566164,6.78366520117856,7.615168506635317,9.328669186391775,9.380312152835781,8.411342888325207,2.0454698302521104,365.729774825783,34.59703928098714,-285.54582923163866,-60.27944407883764,0.9158414480107274
9.576472954696683,9.090941756538136,2.5387555701612774,7.35794842642799,0.5497017581877717,3.1437999375868753,5.60297847168827,6.8699821926864395,323.71441431636174,235.2631820185413,18.315365571163525,37.2437594290615,0.594120938069581
4.032562987349198,7.856273777645777,1.520549768911198,4.224329305403619,7.999266852425553,0.5359720403637747,2.8762776448929372,3.54818314526561,183.2777445237148,147.14006923289847,63.064297709567654,-60.66550152233815,0.4678859924706141
2.169511603235601,7.0575068455668735,1.9758303353832596,1.370463653508327,9.768957993447419,0.5379857376213459,2.7949222171952073,6.022807797753017,200.1050325120754,84.8830815752756,133.97386212528144,-47.59313822160504,0.15696514699260275
7.172758464533194,1.3990345034074603,8.182832997280956,7.044817216956457,7.436733056667478,9.745817720453022,3.332712489104146,2.6935730621028284,338.642236986317,207.89706836239694,-197.61701098951693,26.583467393868354,-0.05389068037756092
9.942074384219376,6.118213351620728,8.91761490596648,8.750482689617646,2.6215834944867336,4.510940736163703,3.858086514778277,1.9120635117018359,338.13428536175684,240.31461506460636,-21.369131796938273,-10.446026394503443,-0.6194214798457988
2.5561405560083506,8.51495026982272,4.543192705650101,1.7586409682902948,7.537972804061307,9.185932792476633,6.625348801171736,2.271315801732554,293.0281681266992,105.01873626136998,51.03781602482198,97.77079486186511,-0.4499425836018237
6.713094319392804,9.237684651434702,7.40842417106343,1.175617048467924,4.521819173214322,0.3648035569818764,3.093182218772043,7.133391048509883,267.7002515633852,198.38820694274065,96.24136140158674,42.45145301595378,0.2172423930027837
5.990059131391165,6.622105870913469,5.750314838240178,2.1060422994627768,3.310373557769645,7.578672578906702,8.048148842780968,7.757964231330542,310.58818942957447,190.75116807877197,-282.0268717155599,2.650306593220131,0.975084006338165
7.173321455555131,2.5897947376885955,4.885151511080931,4.434779851793852,8.72851011457253,1.3695045244633708,0.9219845340165411,0.453610935211719,180.81380493241008,202.67343743383083,-46.01324408468793,-5.843328832399752,0.8965714949272674
9.373495346449046,2.7679967455769114,6.443995503487523,4.6047484020960745,8.063947027447426,3.0716737335000266,9.137485296008242,6.1781632522839764,354.3787667821912,235.43999890184026,-110.19898116893025,-35.47399523471789,-0.7878628668580078
3.51809768539702,6.354779918591919,9.483087780651116,7.569328851347534,2.8377617620328053,4.487079768331128,3.1240178677327792,9.987133586547728,337.6730338319971,137.899498288487,-50.7335253056479,2.6299262204974956,-0.44542161676847236
2.53634097471396,7.244061088576461,8.024430049042982,1.6423193112051804,2.761808541722125,8.314060861072075,7.298238763106898,9.223375523885197,341.0842764476424,104.97423823146929,-291.7155142271668,-84.12913499296002,0.9271809696201
4.02472509036773,3.055872539721948,4.104289593490509,8.995603204373898,4.453063204001165,8.736602746760095,5.035532447877534,0.7308534575741277,245.35157237343935,148.93558515158142,24.191126073673274,-27.26712763069169,0.5839475111710536
7.46510717184985,6.779625879939475,2.514099569280247,5.2169492978982746,1.1511454941454924,7.146996176512543,0.4314722726454079,5.935839855769588,223.0534621914265,208.5596343678665,88.42931944077817,117.00956849410396,-0.8627385666771704
7.240705674116883,5.064934418609347,0.026237519281101518,2.7940153798467127,3.745304412609325,3.2418092611619533,2.9126427011824307,8.985520279803703,199.64828430662124,202.74243286533508,41.18295677193478,-16.600035522353394,0.6137068595801457
4.061077960583893,8.293857531324988,2.9127804693718016,0.227604869824104,4.935758957177809,8.239099798854642,6.398281136652679,7.32653008448199,280.6770475526907,149.40225264939656,-176.1851049683716,90.05677942183816,-0.960755839679524
9.893798482800024,6.832980592985734,9.79203671331192,5.859157877803932,6.778956492411005,2.139731900213496,9.68575208732023,6.0237853572994275,455.42307349289194,241.9030263638768,-193.55729281700553,82.18507676711634,-0.021962164976218335
4.50499280745166,9.101012164545892,4.238849367712239,2.0188958776873744,0.6745832052825607,5.854097138530726,8.18334853631406,3.2133130871289484,237.18525721241159,159.5167431785489,-4.525030112680383,39.95891762051495,0.9800706117046832
3.738084341003529,1.1993962069041586,5.400838516067811,4.415317727198017,1.604338361654627,0.29499923385345683,9.971048493244068,1.0560692750471024,167.2739296053166,136.81694792376575,116.94294126481049,-118.57629880251959,-0.7320748734232391
7.096286061692021,8.397331329753591,0.636696825852231,9.607786887925547,3.793233584389075,8.784745634471554,4.238792422218644,5.598665944805327,354.4601995111554,206.56922428997893,3.6004023932746634,-5.323632304351644,-0.9156447849439537
0.8245855331170848,9.482698557051432,1.4221099459460396,2.0241709932121656,4.692738274167938,6.362016825688257,6.127397434639267,6.935823042648874,244.8688693345956,-8.83483796004452,-54.65466361789689,-36.83932675977894,0.5327242042059215
3.9837291881128323,5.736209319128051,9.85594907500319,4.137458340096592,9.584499848965377,2.42570980473251,3.062106803375888,6.253733688771806,309.26487781911777,149.77534499210446,-173.7317861875921,-67.59617200862158,0.9456051914614602
7.708809663078798,0.04145027377523536,5.3572732053921,8.437417518396336,8.913416153356465,3.561329822705611,2.520768360974862,3.034889102907443,267.0147377493732,210.3566795385318,-163.76963192578805,127.70695876582275,0.6216923389365095
7.647509835004671,0.335122841211396,2.2115928743283786,0.27215571723698373,6.296593306480985,4.95515876881673,0.15075274879165823,9.850077241258807,224.80935951283504,205.67288535009243,208.5356992025329,94.7921567310431,-0.9885309433628334
2.8385938355769733,4.1246601419179685,6.419373931228016,6.710883248599924,8.080412824547544,7.907697670068825,2.1022653881162725,4.815032432186902,266.74356283637894,115.98295285634578,-184.81989666200184,-65.44772888880824,0.9991378635162906
1.8954219037038056,4.582772470641656,7.2684847618557065,4.656141704457797,0.17464837092391217,4.873259953915926,4.661442467372297,2.933512916692406,153.2186625569611,71.44249264007297,63.29653236011772,148.7593479054756,-0.8720831312257713
4.7125096473531505,4.7765181698589085,5.041134315464814,3.4280933960411932,4.076119415767948,6.609093568247607,2.0156194919339256,8.16457079936749,213.20553808152755,165.52972989883634,-11.018269897815912,-60.186892952011384,-0.8216247187485456
3.3480604450262352,6.814208544705069,3.2882757284473376,4.999792686291622,9.267164240510347,0.07164036001089613,9.34525060575419,6.802119758396876,312.94163850017037,129.2993736585532,110.40023599249298,-5.748976345153334,0.8839585901754755
7.34735043713651,7.548914345574334,7.221986519363565,4.321173522673045,5.862514497076359,2.6968492484614535,1.8872502214694775,8.087460158568284,292.4100934540512,210.3821355242386,-42.635287961016566,-38.13373538647931,-0.05808995631865536
1.8910711553486437,8.207847197282469,1.3020198138280692,5.57572097914146,0.5357303403748925,6.852141987104603,8.97903374126155,3.2448215091696375,242.11959612349173,72.47416038589306,7.547472836727366,-12.481728004209625,0.7987640290012611
3.311040741210877,3.4630915349277283,7.204931674347025,1.0810333085148693,6.305329283258616,9.956704408174295,9.584179688557656,3.4718178003658426,318.8388263989483,130.66553456049715,-84.50943075080127,50.70184339927165,0.6665643014811002
8.442284208225688,6.149501149592424,4.477464219119587,3.550308147665817,3.59624704436445,5.497011267886357,8.233525534159755,1.3151318560722303,254.41154102206013,223.27400009082933,33.88998487898431,30.92714898316819,-0.8850290916144956
6.150240343223761,3.9286734638182494,5.1656652200229916,9.298655110286184,5.112084381941337,2.263978697907252,5.539716967195446,0.06583340817709837,228.36081987706504,188.32936815814182,-66.341950168389,-104.77011470341981,0.6491023634297944
8.852640797373716,7.253456535848413,6.268054367581517,5.038813096822185,2.587418562531556,6.640909733152634,5.34597810128679,0.12077518000811249,275.0505091895903,225.91212533413847,60.61836413717561,37.75490098495723,0.9286355873012505
9.76553020407678,5.6347263980701285,8.595936901531983,6.414766139372624,1.3905105102154625,9.101645918843461,4.06779833434909,9.032426927440577,425.0602749853114,239.76677591339123,-96.07944691204693,-135.68045369663471,0.2696119773283327
8.369085929071826,5.947785357950778,3.1527701037299307,4.706314814382623,3.642566208456558,7.776341132588497,3.662121522149814,8.709076478206752,300.5060255511166,223.74085540176296,-101.11342868803817,35.192461636615924,0.9951354739303234
1.808246260859393,3.8773661731380518,6.961155972619072,9.679146281813608,0.9774873348532698,1.3133663544392538,7.123681930739742,6.759099488364242,259.55997101510883,68.9253592656392,116.4381547236125,-10.841558948778546,-0.030830948962395185
6.184105084545884,6.344603359524213,1.1658668220381208,1.1639542867232433,3.864297513963557,3.491275490658383,7.606446195948018,0.9422009725623226,167.07874874734918,188.92262937814942,58.342171928096406,177.41413891084892,-0.9981548810655299
4.761088732733442,8.677924764357648,4.385655784346367,3.505740833254909,9.28304263653007,3.6480053977641247,5.532791972796419,2.0052564468107326,263.6142039910025,166.8699946293754,-2.2184657640554946,-24.36798069574253,-0.465238023645925
4.041566546727281,6.516937758432597,7.17177390918296,6.802081310433239,5.500331830200568,9.345004734794317,2.5864347454901546,7.78688661031405,341.41540056730486,152.36739572580086,-167.79546006509042,90.28423414490075,0.08717206449456899
7.418836875490092,1.2859401976213314,8.899222757043457,7.854299423708817,2.172123248151908,3.852201741252462,0.3348483343103559,0.056496258388033516,217.2518607884155,203.05743566113566,46.273378371023405,73.97994226905217,0.34628335485295375
8.259332891691836,0.8873827959453551,5.571539010494547,3.977025091681936,7.392003615030699,5.130106327792957,5.330041709678723,6.636912754913331,269.2804674899871,221.31463980422063,-90.64866374162294,9.528972194760959,-0.23322443686130728
6.832298304876416,6.77466378122343,6.333827319198065,7.407688885353058,7.353729507778549,3.645024878003399,0.8870019887540215,0.1741637150916997,255.74824216958547,199.34862797207407,-182.4177002725379,104.7547314657117,-0.4107622601291044
1.392716054909724,3.5559409618767432,5.322407181197523,3.7267608310459313,7.978094140709688,9.818370999320113,0.3765650296285117,6.79467162575209,263.1608975498935,42.68209750296728,69.88623190113435,30.965054363824773,-0.10876334223410322
7.028250573984112,3.147263464457982,3.4575917170916917,0.9759934038601081,6.811107223031368,1.9220769584212227,5.941608992618116,2.608480825899442,164.40152812986895,202.66929753890875,67.3878934136275,17.500959944612966,0.9255713044686421
0.5883729016413808,8.900536399235916,8.457685535303016,0.16971966820324313,9.78976967451331,1.485401767324025,0.7532583667179993,8.080618493754677,315.0367823443888,-46.00871003527231,281.4691959458067,42.46946212214477,-0.7382625050351291
1.9266547475121587,8.639153775960537,5.74253994685416,1.41683569151683,1.7637881180342474,3.442265102237018,4.448911277161653,5.812982662230186,181.87488144161858,74.88749977069013,45.213005979836936,30.527163002911806,0.24590156392578238
9.247937649551963,8.056623217095042,2.609490239374326,9.870734158994843,4.153904079805124,0.664759020669784,6.062742607817164,3.0257896883182123,318.28343540553107,231.70033296418683,50.07987420701197,-15.270502296404908,0.09178361875995943
4.051024573639916,3.5732326166237796,7.971116463600092,1.9203833288347327,4.959349345053211,7.420165872199016,2.4329655853123935,6.931692261095507,230.02704787375382,150.32949394973417,0.022912426871485536,-18.278638808847063,0.9152917683224833
1.4829153260094319,6.407812555275828,8.345106676047255,0.08002420417221767,2.0333539842789317,0.7279890177160808,9.18510153005715,0.9225170319985732,202.78793314260992,43.3839143249495,176.25699975429825,117.59967948080137,-0.7431244489337154
6.822871306745838,5.988325473601285,4.528850315577752,5.684456862478334,3.8304469684173235,8.081714844375412,4.225237995654265,0.5313739957429786,233.35658309541114,201.30742710338808,34.88528298049563,44.740150912082896,0.7340905298027165
1.6348875076461844,2.3554235584663106,6.796141588757911,4.822972892211829,9.423487077332656,9.544347726658367,1.195391017700932,4.190988667673311,276.5595132376812,59.61443038111425,-87.83748793261563,14.48559871301383,-0.9916448491628822
6.482252410665106,5.896962625569763,0.9326760963179992,2.979103612764616,5.824001020205792,5.207140552584718,3.2556062761895586,6.40562535184956,199.2030165507234,196.15274041853064,-2.0211160079534665,43.92884963874082,0.009178908639603921
2.5161414317047806,9.970066324658832,7.225702963984061,9.30608161560015,7.91919887656247,8.459006274590596,3.059698620299558,7.0140108355854816,437.37373023126156,106.051302774475,-326.8457047118051,-67.26292615954713,0.9816388345510946
0.4137550130090173,0.5247463699615418,3.3647409503508143,7.018074630862863,2.8261466608732553,6.4155454859789725,3.197187955781755,9.83327643576917,217.08307026918587,-79.38544192774779,-51.78506168249294,-70.92096858395391,0.9010458822399796
9.587226003159738,2.3752043388671398,0.2254245360714846,4.142149006018342,6.2127187553892185,2.9562840415042357,6.318130981579676,2.020359676431329,206.10283468672156,232.29691783199658,117.02185505139703,-8.348599452369076,0.7786530699723322
0.6622048081343157,3.309867669247838,7.051149610228079,0.23678368269413164,2.2720180509859764,7.9654081678454345,0.8815081086661691,3.323207250968733,141.59907281697835,-35.53796280156621,110.08795872070357,66.79391503799665,-0.5643250753750011
5.129401860856384,8.009341902380651,5.482493588030689,6.9073391570397655,2.176557054566284,9.644255236150295,8.218802317175435,3.3057325433466023,344.45503018130364,175.55984804033992,-82.1625745136661,83.21964793397052,-0.9613236503363843
3.4129659121992093,4.436794406459306,8.282680274546609,6.729480971123093,9.686528360023221,8.896719875191774,9.76190819286405,0.9555395984424331,414.41055129135805,134.9581925648809,-238.77139477120897,-53.45461312230865,0.9525930111248961
6.600098186453978,0.6272351305437274,1.1521660093509767,3.3754540225522955,2.9637020326642514,3.271651173351553,0.5238320441437216,1.7955642246619796,79.6615783851581,191.81066137200816,56.778636852594246,-49.02566781527431,0.4419241441198739
8.444273371187892,3.1825678376579116,9.932072529695583,9.723224430723175,2.25845659018073,4.917343514391429,8.32281083788242,1.657199842213618,375.91803384245725,224.1084047180547,36.24317773450029,83.10949611085705,0.9508116377531787
6.038665567071057,8.305192965702648,3.325205639517901,9.211776959621643,2.800413397761028,0.3895454224080497,7.654285396485786,0.24070272066260556,267.9956228924527,186.0552660469149,81.19374561740416,51.53416515382189,0.2757042360458079
5.872136909757353,7.384472518792137,1.3394620545335334,5.025315564747263,0.27179725688313505,7.0016847695151485,8.606388664174716,8.811379921519107,316.8681867092519,185.89999727941367,-302.65349255022704,61.00031224246791,0.8728714771782972
1.1703303553464184,2.78834905055085,0.4237443625984927,8.465799282356706,5.676415901596358,2.6027966698549587,6.119158849708626,2.071985525843796,161.72735738211605,23.26430410940453,101.83721374261088,18.166447040198758,-0.999572361105567
7.104503354427769,7.286001530059153,3.208543985875101,8.520192846804747,1.6332908638989763,4.075502175176119,0.8025059052346606,3.7754397397300874,220.62354484736863,204.3711886406762,60.098744293767396,113.96590254019357,-0.6442186955375164
2.045232578451328,3.196934400427515,2.098885546789193,3.6920354470514747,4.074693173403656,3.5236971410029327,4.59583653688564,9.076187101869754,164.95826392221514,81.1560392986889,-26.676957664757197,72.85793369054238,0.8156439750688376
4.903677932571596,1.5254138302835663,5.7432015158502505,9.929990053140703,7.378855990015109,0.9594552782799892,7.85637852214837,9.382407862301577,363.0823416574017,169.72178545011792,-143.4167294955588,55.77135335177521,-0.2026813558151973
0.36608530436010756,9.848783928562218,9.583870531915311,3.8932539400385013,8.630791382941283,1.0513403638950847,9.53512788192565,9.288299258840262,456.9276072387709,-87.89307505008348,34.56862994295405,4.21261702262079,0.09089492352136119
3.1540357558877097,2.6163004740024567,2.1679778175382514,7.606737175733148,2.2816733690589053,7.206795723735814,4.021773326469143,8.012769887889785,216.87862793020366,124.90556595492798,-69.49571407396908,13.463130637491188,-0.18241808834511267
8.630304070993418,6.086272093391303,3.291228323777875,4.55833960178799,5.14505646122407,4.977013915776123,2.9102064637332914,6.36274602021601,243.33161224340816,226.2037794207179,-31.068934127740583,77.48429325343155,0.6374396713722523
5.584666182241689,9.17584911364531,2.6611682887055,1.1474306677349677,0.8033514548862708,6.538099515830011,6.872482900064413,8.903604961925373,293.6804384901942,181.10799668713506,-211.32618661231368,-46.875054932813356,0.9642932615046087
5.467078262764856,6.429903579097957,2.7106277045800597,5.603168746245325,1.2661247693665,5.951904312368141,9.421152990503964,9.62857885943687,328.47149871749633,180.98327080455897,-300.97512463985,63.480881940317055,0.8395573593617371
3.6782465893411223,4.267795302772049,6.870935869883601,7.070927597038058,3.824045006029091,4.128626985991692,5.4573956304631865,9.00762170164119,271.5406483138412,142.2323026287383,-148.59802749254558,-97.92111569474147,0.9942096756161295
8.28156685098947,3.9721597996270086,8.932254890164316,6.119427784258238,6.548643141825712,1.2655515673735773,6.403337571077863,4.037571726859072,303.38604207816826,222.1508945372013,-153.07558445383265,80.67907996461057,0.8282417048347652
2.76350459432639,0.489065953670772,5.84251501014509,2.9886407669813506,3.018119964938326,2.1509309225274222,1.258461928096798,8.037982366281685,130.87153732910494,107.9792908334308,53.71080320997139,-21.86829629263135,-0.9383481381727251
1.2565834166662404,0.8124660268089434,4.006768364750593,8.882579527411568,0.849637848739152,2.120556595754197,0.07969491456209732,3.40228753887011,113.99407124368119,25.487674264201722,81.13824649410115,61.75451762770759,-0.8283348195061501
5.627810794926762,4.506804882201792,4.257511983657772,7.928965061067194,4.346930314488144,7.806548310044143,5.887690934477259,0.5030924312019247,247.73444603067338,182.40716328558773,27.141935867161457,85.39837099685758,0.629196437071276
2.673390053739438,9.223193499622099,5.529864653512035,3.993186101169639,5.060061131197566,8.480761026148635,9.954030807567513,4.770667288368036,358.10877296404647,111.27085164495581,-205.66979416758412,-89.03205962964624,0.9997595305555405
7.750349283063583,2.333694530363959,3.0546908109644577,2.7528754335118877,8.787060367260187,9.776359275215228,5.206068199958215,8.065760177909576,347.37276719968844,215.94126836723274,-173.2112304136619,-81.84858308395278,0.8034312970892566
1.7940634553953905,8.688592371439025,2.5769355392813234,8.208833245740873,3.196024840650531,6.145781010905226,2.613727859269223,1.1065452339848336,208.77705580223858,67.70182994477946,92.21886590248371,91.08489786099835,-0.9980483597968721
7.8325667133749555,8.062270065025709,9.099187123849237,2.6861795373105837,3.200600958560158,5.850690595845572,3.533400832532555,1.409761137857517,275.30684159577595,215.6481057110489,41.63729639523648,-70.67479301341363,-0.9319145045594096
6.079963208342926,1.7415402548217451,5.11504988231152,2.603521967957203,0.6393314008761697,5.417987176995532,8.341849941901836,8.656542331475492,247.22649229020814,189.16567910198847,-173.7059768613627,-25.389278903363994,0.8132504831427964
0.4174887615355327,3.123774638444279,1.1958667542365975,2.6803341579767723,4.06117736868671,8.29412363465855,6.690170235247556,7.414546485230248,203.5660791952688,-77.62480722610361,-223.48609011463515,52.68964779580051,0.6723481739540971
5.612751321916013,4.283972502145302,5.705859900637633,6.063303797279351,1.8389275157256357,8.424440559172622,4.552443753071357,3.262103442807076,224.89480408419152,182.9410883624518,-11.92265465266334,2.301816049699151,-0.9997875649095929
6.681377348269421,8.59273690212769,2.4996439414856084,2.7465059149286986,5.815316244692175,2.5808408232328164,7.092755394080552,6.101203117865111,260.2779462604502,200.48598103677958,-6.152690086191328,65.14732855463797,-0.9990447040487428
9.383926066665843,6.341559357906373,0.05395043445200809,8.583281220421814,4.521574299555162,1.4258638973941706,2.377486632327759,1.2023619124893836,231.52490952851608,227.89104457135733,106.33767423228653,53.48504628719935,-0.2638948390657989
7.8600585881196325,8.247941149237448,5.721028132518269,2.8364517350000105,2.1350538048200693,9.44825351175075,9.458459243789422,6.681347902421514,398.51548577941253,218.22662307012428,-362.87433798807297,86.94272240045291,0.7873298359843891
7.504304715208374,4.970520903013985,3.5819939488652475,9.468843658492442,0.16811612525419628,6.777208057298999,3.280929208177664,7.211334112264305,292.23699641594646,209.969378401646,51.58643048785186,6.10873843447442,-0.6596095523198158
4.970509758345533,5.824607402418369,6.8328276888129045,3.9150444174497077,9.91589495709986,8.340362578523195,9.430293595101134,9.271150770691541,463.4184203098958,174.28697751564408,-588.9376543952837,35.760193121375124,0.9139059017366744
0.42732501652877675,4.539122338522576,6.139946359618442,7.147378696793013,9.762960380374151,7.9211154559313055,6.447288146405185,1.4730701010734548,311.3671272285909,-73.12760785519465,-196.1843500201696,84.8470526192982,0.8424383503461607
8.168674964457434,2.5827167315041755,1.7371699902726312,1.760344748749546,1.2072689960633198,5.6042921430055115,0.9352949728240323,2.422069697869955,119.121036760238,214.82690276494102,60.538758311926586,104.77170968981102,-0.9007385609327643
0.13623744191839093,6.183366282592216,3.013599115252247,1.757513454910472,8.766397311656636,0.11424083197150381,3.64606445654489,2.8569823125253646,148.7421191457922,-193.5018102815194,99.43658382194843,-4.141007247364143,0.452612794815085
5.500411857151049,5.75417520936495,7.158693402965833,2.6217895327980614,9.885079047206997,3.216159620355331,0.306321182674022,7.445654214633743,285.075804354297,179.44813142203697,28.910873504071514,63.85172657042051,0.9567221380764734
5.667967713250512,8.674132881310578,4.306851996617384,2.8452525156004524,2.5090606432130813,1.2880693289746992,7.431978878604716,7.498970015636058,253.4342444943829,183.34287770708642,52.57168030464459,-100.88335261539072,0.374593384938772
1.1291833478714641,9.245765954294738,1.3472271783753675,6.672177708726947,8.386459118934503,5.2492969330154216,0.6289570468847683,7.17388422167892,282.8402361990965,21.861095068619477,162.88936645422285,-68.34050813889073,0.08100501483089258
0.6277623983126424,5.741522517159141,1.7395567484113938,9.570666450597612,5.221147236828077,5.866363821662971,9.762868289812603,0.4185643509486958,285.14627675018625,-37.16968172107529,167.04000553755128,-138.64222234247558,-0.6384833969729604
5.747242249670239,6.940825647924046,7.256760677631201,6.615191711521627,5.250892651191816,1.974261121407277,3.4397222689005202,3.1748349326322045,231.00803781034617,185.40997483486714,-122.40157593253537,-88.18620161183028,0.9184660679333506
4.854852657906897,3.9219678496357857,6.24452339656119,6.233397114258374,0.8845561910862831,5.1941076088873315,2.3128011354972755,2.6698479005563014,157.03906859015987,166.37143159600396,52.454208563680474,1.4813416245006428,0.28302381306407615
3.014220971351398,6.764406534395972,5.554056384766684,9.762647099236695,4.541226651884278,7.689240874322209,3.2253460056867844,3.9652797136771687,286.87300932734655,122.34054376266639,-98.48231256890969,6.977944215393742,-0.971261095044193
0.3979555804662849,9.982120606646824,0.5578389762681202,3.1153310811925006,9.912979888293679,0.7061840689258714,8.069570243325241,0.34773522108146326,273.8223224194158,-86.31029070155587,246.66853377054687,61.705681879993094,-0.5712816054053774
6.338941364741131,9.403822148519613,3.884812680679235,7.963365472157648,1.3288308866543008,3.4418411057175335,3.8228411110703284,4.827833552339217,258.65516052564806,194.77991820309057,34.802891288678204,-87.7739341460074,0.7609150645323604
1.2433568320054367,1.4123706334481356,4.4573332580503155,6.196664762215098,8.57299122512781,3.2554764886745833,8.599585654366487,2.2889741751467607,225.09378288222712,31.754089055075266,-79.29108560340693,134.4608544522464,0.9983874206951138
0.11605844415387367,9.381683194805113,5.843476109942957,6.2339102029083815,8.820602412800975,6.441972846662787,7.201652345790257,9.40119547586147,420.5856125623829,-201.2769774153819,-339.0545810225256,-39.33290220604594,0.547678804471355
2.7666658867853133,0.38657577468729554,6.960872789431042,3.927672074177254,0.8562237036262843,7.372625138596369,2.1086271180052596,0.4556600206721606,131.42689371373075,105.92479781720702,98.79491953352995,126.51238361030109,-0.8691384403385262
3.0154554009416126,0.25184666744696993,7.178855568018996,9.774395460016938,7.165240531414231,3.9072206588558345,3.9504506441259437,9.826741634972173,335.0091284964309,120.2380627746878,-320.96583952639145,136.64907296038106,0.622298204822356
1.8031763150334423,1.7779878214748912,5.919912829327245,3.1610731814653903,0.11041130280300293,8.992114156951871,2.109123485593657,4.456641254604703,156.63079789899186,64.69316159163672,63.63025266514187,33.12497216921568,-0.7539997467255004
0.6697796308146708,3.0504792192778494,2.7072234422260175,2.6693768296435563,3.663831508240758,8.096692406381234,8.257741402683779,6.386384391337891,212.16494755772757,-29.63230120524049,-245.3945577493745,66.86100060446618,0.8533614625364605
7.79233953526027,9.847472944513141,4.083089956048179,6.187399081582816,8.737883400994209,1.0515227759171197,2.2932951407949655,9.114238472145583,378.43366181722695,216.0884326847952,-17.76591935904822,111.2095180097148,-0.0790949883514001
4.007484742283162,9.434614478301278,7.756379611937282,0.7483718214004442,8.846185403986102,0.5811711301160349,2.775830170590811,6.482445180145482,294.1134541150777,147.34674944268116,156.68855402324112,-100.7521333873599,-0.9992705971092223
2.4581485130675285,7.639555679132717,4.655776948696067,3.971417414416887,9.736726101704988,3.9842704527767103,7.531963041590238,2.9763117695250676,278.12086559219586,101.6595140011361,-28.787116888307132,2.6537765765982964,0.9229035436261166
5.237721878560011,6.23090082386836,4.039317787105487,6.0562860634125055,4.574002714944342,0.17097322794396796,6.729807428281899,9.758524318535102,280.7223821993319,174.55418637543937,92.32757202536395,65.95663858179293,-0.26216917573496884
2.54985693893215,9.688835800397129,8.545300420925704,5.7556840015679525,2.816849838650638,6.377139626792438,1.8343682217837354,6.058109961300673,295.19352309526886,105.06670599526505,36.371247150025425,-153.2535837678677,-0.2791212181465953
8.519084618044273,5.730162688523556,9.950966530620901,8.91644134597495,5.085694839822769,6.530197518548332,9.233550840466386,7.155960434794561,488.90823083897243,228.15585828345496,-491.44506975013655,28.593696496864222,0.9997674956741308
4.835035780903278,2.1321954583550817,4.201762527396614,8.978090863321137,4.334135695726292,7.9598619901893795,6.100038045226711,8.1902320346391,312.6192524282022,169.42846756626952,-269.1798152815595,-49.52897557805066,0.9983013734965311
6.2314995113607505,1.3345376194280623,6.341937853738367,0.5207151060115722,6.645369991169629,5.910510524499789,5.711102265470425,5.961696387117577,228.35748665865904,191.64333633167132,-11.460365933497627,111.14362692762631,0.878044599623102
9.73072504879266,7.637594244638767,9.112954152004988,7.193345544429082,9.365293268329154,4.253877063683098,2.2500646846475645,4.914256565718345,422.8269060725873,239.83271790943377,-386.76813989314604,-31.426187920762537,0.9999050970977714
3.5474752954185886,5.2731830457519315,1.5447052435305197,9.262831287350483,4.486822589483185,3.5776362255489413,2.0545698831751045,8.902497073784467,244.98396761836833,136.62933907864308,77.93415594454419,-1.2411375297172234,0.9654932391090787
2.246456342207055,8.173946012193053,2.9119197616645778,2.973436051883118,8.802855574938393,2.8936351821374817,6.738545692107781,1.8375966622057704,223.8287085388018,90.94877653550267,75.05407423904651,18.791864690907083,0.21100338668575672
9.787138056264709,7.938510558157122,6.4726002274199335,1.1192565268523635,8.123942448131968,0.3136148175197495,4.077285865336309,4.454210526252527,304.51635668543366,235.99338347087905,84.57627081703814,74.587997387483,0.2515982101984574
5.8707442100081275,6.7017700375753675,1.7837043163533284,8.52950460302916,1.9097812237482192,1.0637350715619165,5.502820786650031,4.254659564583811,208.4753703227043,185.48478665376254,75.82615075937817,68.90566152745666,-0.407387441331587
9.816813887375007,7.76758180850311,2.801032383814098,5.3347296805738935,6.608164262025699,5.268179041799859,1.4150062345484105,4.71272098137066,288.64381225355356,238.61123704518317,2.2628441406319624,78.51134761262898,-0.2419095962888205
9.68666080315444,6.881448421083189,9.362029541948315,8.018293843998102,8.4697063325129,2.02928505776643,3.5073033177763877,3.0951567136749194,390.8614580501832,238.5510587069758,-400.2839832572426,-147.1655812759476,0.9126486345934577
7.051039357213881,4.287647624422234,3.148924846281468,4.475190059624865,6.526587408347162,2.7698570145214116,5.609995598884928,2.4359495850378385,185.7184840055302,204.92841788575836,-4.571114727175988,13.32294907063955,-0.608132218109464
0.19385808980997732,8.301449879373626,0.9605871072640149,9.085396490104532,8.329081205343465,0.7550171684473916,7.347686028603632,2.825240769978431,284.33292806492415,-154.90828303894634,192.75042060858732,129.50793788246258,-0.39090778759347744
6.12830389452099,9.158900638418643,4.993300011454059,9.071593164226636,4.587416846538285,5.672053742707446,6.913082931446164,5.335754440117686,358.1459951160098,194.18648763867137,-171.13041690863687,30.442933813907246,-0.7063727364119926
2.4955916903982303,7.774417941022584,0.7601921311589255,4.398241278953438,4.743842521515827,5.2450178433298245,1.0609415531606436,8.011276034144204,201.91236535131054,100.06457736010923,102.66773607357666,43.71255252902023,-0.8813116659691805
1.2943570725402642,0.858496575056974,2.509784126155946,8.487785584220916,7.6008665659198895,8.892069764291287,5.5499590905184295,6.752837663890457,293.99883675146015,36.54483804695429,-203.39784647796225,15.665535361423386,0.9820190092966226
3.6626113490302723,9.496794807749229,9.551719455343342,8.07680667822046,6.078727648424177,3.5750407401551976,6.608751669810352,5.654596978687378,385.45589592755675,143.11394535275628,-286.6668773650822,34.683731901914605,0.8643985660373356
2.000935051142201,4.771257010104434,8.415277644044014,5.955542216461964,8.67174760334389,6.255837044886066,8.426041632550632,9.341286052613286,405.6465217922612,83.19779688867764,-540.4514389647754,-59.23381835947934,0.7278409135200687
7.6648141367567035,8.854902367199937,1.4873069667959804,3.2567156601051437,4.380813135254816,4.914904610069004,3.675649908826273,4.512154960956732,227.1947062839621,213.30069543995444,-11.281351349730457,-113.17486907718379,-0.3873612106767566
9.34181165082818,0.8495536383678282,2.4619847149002103,2.4479339745897724,8.397412834156295,3.1665658188970647,8.075616770299796,8.759058704880854,322.52531279332277,232.62269706371853,32.056842046879126,136.77351931148843,0.146082812773335
0.2640239805893896,9.382320761379537,0.5475961732612922,7.384302065445048,6.360482206126293,9.409232076167566,0.0020965736880673713,3.792033694864659,286.2943361906861,-130.27832089810363,255.54587005527515,-15.818341662787763,-0.605827525568507
2.560636043076847,3.148569248390063,1.9983772782664444,7.567829471598486,3.0358225750312915,4.749532788533454,5.737455283628031,6.716392764146928,187.53850522483847,104.20885379906763,-57.52132929810156,161.63696502344098,-0.33296404133477714
2.6619804519415946,4.210619818089119,8.090218313962836,0.20038351850295233,7.165775288914208,2.6518412128652527,1.5459990191959838,0.7761938412178915,151.680432257035,102.95466885720958,114.4642900945239,55.2859194904591,-0.9974990632114386
1.423277134001134,6.8533848829195465,9.14897695531866,7.529053945401469,8.528752132119852,8.268443741975931,0.5147229123466057,6.347668238637665,371.04964138498184,46.89320983379786,-262.96153252010987,15.372471052786135,0.9931335959858324
9.514993108296668,0.9081424695910889,6.249710522452521,2.0583553578390203,2.8984606386397083,0.8663354511733456,4.975263395372469,6.504587508704288,210.87004068903494,232.14264878219439,128.265562469487,120.00472171473373,-0.9772740322929101
2.476119525899634,2.080150447858725,0.854606962534844,2.9178619172667455,1.72556631630565,1.9158201945883424,2.9149584837856657,7.022802733358224,84.16715234473583,96.53015957807915,30.343737567341236,26.6631153761688,0.028150816879198237
3.5618616484191445,5.8301111427520445,5.012965969046071,7.844810938772532,5.915051425623149,9.168925641639635,2.686393888101751,9.773289602984384,355.13887338673624,139.72442357004894,-159.73645453667703,105.2008505080807,0.343504063636826
0.48939088065753533,3.8525161184594205,6.674734866489831,6.196205848827106,9.72202605619068,1.812270391284565,5.99341282502318,8.609371097850175,305.8708189360621,-59.57589635262907,-193.49608423769172,24.288629148630772,0.9933698941964089
2.381306712104049,1.063995111998387,1.065631722593835,9.081667583907972,4.287052891071095,4.134245736421569,2.7778749353021928,1.1455152192905604,134.91456890203884,93.12923914890821,75.20272854218776,-31.111220720879896,0.8961996653602602
8.828247555627051,0.10084976149848046,5.822151831337732,9.171619231596242,0.8139485409467839,8.631016985873748,3.482286798104699,9.760125546035477,378.5075153107438,224.95481208035724,39.916006177571774,100.05852152517267,0.9206088919617901
9.644330161070075,8.961400203846054,7.556345199224902,1.533866745517799,1.7514642010029113,8.718022674599926,3.490484100075142,5.227779990697475,351.35560691832006,236.90999714185386,-0.8799849138511604,-98.46583180056481,-0.35395126578727193
6.560278241145095,6.68025382190155,3.856171642350775,3.220745617625098,7.411604589747617,3.7439260525255182,5.4803685416606305,8.27626128003057,280.3861088042975,199.65949089867996,-69.12591100550344,58.96737950554453,-0.131144159146928
2.9686110683084466,3.2393173463895417,8.256222194058877,6.803286579980633,0.7405378134818219,5.785655323203621,9.376622737194111,5.132251403697269,282.03900395104756,119.34192164973838,-57.21330382496305,-115.572874509421,0.7301903886236196
0.593359726980025,8.860668360015186,1.6977221588313418,7.454383188817594,4.074005660754521,9.251458115373275,0.9448315579918576,9.42335495641974,329.192933498113,-41.659881872336406,184.74914197113492,-13.833461443942172,-0.9937888604588319
8.64436484932311,9.672223045515404,2.63900344902558,3.2787477116171337,4.42468174750804,6.774978613402514,3.130906277979173,8.62655556807187,335.6896469201291,226.81448808227478,-52.80089197428916,79.83481515048064,-0.9260486328451134
1.5514089742075243,0.8154113332918334,8.04958193146669,2.663748292729611,9.106084294916903,5.098511581230185,6.908742783120849,9.930461913730547,330.22348187957533,54.843931312205264,-217.35341816362794,81.52703754665833,0.3018145796338688
2.695480900164596,2.604803022610297,6.845416199730627,8.1214715460658,0.5529003254672971,6.019644987593234,2.8363832257054202,6.136375601721705,209.1106389658695,108.19232543830816,59.55723295243442,-66.02136651865594,-0.924142759675713
5.482046507109377,5.296715505744323,7.819976291590515,0.0003434199970775431,0.3194951985029315,0.15363340217608878,8.659771811769566,2.4061822168701763,200.16709947070916,165.9175908698036,138.89130247865424,13.773491053208126,-0.6769630582396375
2.5227744004454022,9.20648204029566,1.786446454658227,8.709914394815106,9.052122277574611,0.5668019317373119,2.739326560066325,9.836833564793505,356.70708867631413,102.42962289082587,154.13294646652685,-36.97533763622348,0.7014098293715447
8.446780856346233,2.3305637395567027,9.534081378010608,4.00917496030118,4.708122081927453,5.905413233944926,1.6764117726001526,3.637100745901952,256.8310030332461,223.0011101301479,1.4902130883948885,75.59617566908427,0.05854949851097193
5.02214882546502,9.353508011543965,1.7695301198314006,4.991468139562855,1.4038245245685366,6.315987952045421,1.090273802833026,0.3480756550589159,183.9283627133501,167.01336302702296,75.18268601583969,80.34918082341848,-0.7740385194513717
4.846893932379276,9.011279868302427,6.9694368832598865,9.36738185955176,7.764354743333604,6.0319618416212055,6.92617422306518,5.443878376990493,415.2939084198288,171.68746753284418,-406.39498049376795,31.29532138843644,0.9999824262990001
9.052586309138748,3.3820611700422876,3.0853878797793675,5.385924556637352,3.133556209210764,3.0397449981739677,0.538880361145867,5.588820970394094,182.49999439374528,227.69045020305012,60.039983703023935,-73.85451860518685,-0.9884006407784995
9.152683857425368,2.2523549719156675,5.091589254850046,4.706047266479414,6.369453171023349,5.517537843102711,5.206521331356844,2.8367202999243926,243.08389070973786,231.64513591503828,-32.257387164812634,15.663558417082719,-0.3282363856384337
2.4162770380508714,1.8335615396072669,9.14494197305516,6.98861833154994,5.776899724577534,5.037818679965649,0.04566826052891937,2.7685481921760893,208.09022468121674,94.28934990818914,-170.61211860534948,-34.504628239745145,0.9953365397396178
0.18766892231132148,0.5497749128620599,7.777528799844901,4.0833783225513915,1.8338093266553779,2.765319546870466,5.447458013526379,4.500055039665874,138.43654784870057,-159.62488472382265,12.202334701570692,-53.87463230241373,-0.48682510515441035
6.702896961747723,9.560799494095779,7.490318328855462,5.88128106517969,8.576694270182315,9.474177739731303,3.266206731395119,5.097657938684876,427.00600160158416,203.50706780421493,-236.73546953584128,-10.006336967735525,0.5532302642069896
2.7056340838651325,1.468118936753151,1.1083969283584971,7.3724408190101265,4.248240497691368,0.9379159450758023,6.182592586719507,1.1273489870832132,123.47985686711615,105.34229169966794,74.2833714242105,4.9551813136973095,-0.2511128839492306
0.14306451540300857,9.577732917946213,9.132284691911416,1.3468958547762444,7.494208723728946,9.885572497369237,8.418605373621329,9.801803213213393,497.8021581036954,-180.9586825070068,-412.85170729792833,24.593039989600175,0.7284541644391744
0.9713039137032065,3.391275677947776,9.030771253423334,6.900267237438107,9.271716313060049,0.2731390479602436,8.374672883754041,3.9784509269143364,313.6152454134695,6.877115924640242,-279.83772667117563,43.5774772413113,0.977131079203859
4.188377054189724,0.5931203857370781,9.841151148017628,3.14523323723642,3.1695484205598645,2.527049023968657,2.4604641880428724,3.9615399743560498,162.81473912366215,150.4990591604793,35.1084633151234,41.76236979935027,0.8041564099153469
1.2054822701754708,8.192313392054057,1.1301498044570435,2.7422710598635613,8.17682631882527,2.144164293700499,3.048550854859793,7.262718247043286,210.8631431808308,27.88377854302198,118.29689347202022,-75.52163778683403,0.6455623268026915
2.070889975480471,8.034025159901757,3.8280266121811515,4.647128288618353,6.1263905906142515,1.2259634478604764,1.5326744785067004,3.287725423248977,157.27761219492422,81.39367301047415,8.840413720929963,-83.96614629504326,-0.03535781659329573
7.450554657868729,4.6332442573176,2.749617377793406,1.9833813298176195,2.543481798137898,3.179634195174541,9.870528219330266,3.13793746028574,212.3252663874302,209.58178943770554,30.930679386409167,-7.801054883589647,0.571698293474178
4.556879955622395,7.723546273649747,8.487099316957508,9.279721698404892,7.001084385801249,3.3078091047938774,1.148820321320284,5.467111860567436,329.7282954644121,163.05430657556175,-312.82854597037925,-86.69214727666692,0.9436311767466857
1.1350963458792207,7.48819215970585,8.991417461944064,9.220783062405772,1.2941203691312442,0.6227987341442198,0.508639856204165,2.9399583867888355,234.19458940643176,19.28949093356026,108.97081462681808,172.92869460974472,-0.7828294629410282
2.1532366497184494,4.506921551130297,5.051928639895103,6.398147408977851,4.085217549179038,6.567108130919128,9.628552466392048,6.314005804605526,283.798646713297,89.07555752295282,-266.9023188218795,30.533193807517335,0.9999774762785636
9.302432541673046,2.8337143948919854,2.212824522550231,3.6003935203439297,0.9630157607383527,0.02491765863649187,0.7301170284379654,5.305656555648103,142.03569693997906,223.76885326622954,81.54591395981485,64.54249597349427,-0.595267346128535
0.07894747940961677,1.4248950260666826,0.48251758266658284,4.817663572435298,1.5163903903012432,6.6936500839719395,2.6530386708745257,8.74284320030797,156.05957673134964,-247.23816402604402,-2.9503097552460247,-37.77823826903487,-0.7851280150221327
6.41871839423087,9.100838077037501,8.809640200007836,5.185147443232475,3.0394148545511857,9.566198595185616,0.5047629621132388,7.735588495235948,389.3650272266935,196.68392459508723,96.34275337278098,26.954503142400743,0.9991698482736133
6.446625276420202,0.7910574762248801,9.48414238820307,0.6417383271386123,7.328446068270432,9.031430293658353,9.231726042735852,2.8697937957154505,361.27887138831244,195.3967004338677,67.20513319480358,-17.743727887271426,0.9666024885023402
6.8025128037679945,7.25660828289452,7.5467656220238215,1.8860122003327273,1.3512003571216735,9.579282894873364,5.192743906523325,2.736985270391481,287.4873384245396,201.58141904248146,33.38375831512042,78.80348641829438,0.9383426258502277
